first_name,last_name,sex,dob,nationality,race,occupation,contact_no,email,blk,street,unit_no,postcode
HAO HAO,LIM,MALE,1982-02-14,SINGAPOREAN,CHINESE,GRAPHIC DESIGNER,6599906820,haohao_lim@gmail.com,442,BEDOK NORTH RD,02-12,329258
VIKRAM,RAO,MALE,1973-03-21,SINGAPOREAN,INDIAN,BANK TELLER,6593612365,v.rao@hotmail.com,990,UPPER BUKIT TIMAH RD,22-14,197251
AYESHA,AHMED,FEMALE,1946-12-05,BANGLADESHI,BANGLADESHI,BANK TELLER,6593823498,a.ahmed@hotmail.com,801,TAMPINES ST,06-30,205907
MARIA,REYES,FEMALE,1997-05-19,FILIPINO,FILIPINO,STUDENT,6599344066,maria.reyes@hotmail.com,234,BALESTIER RD,21-99,913694
HASSAN,BINTE ZAINAL,MALE,1989-05-07,SINGAPOREAN,MALAY,BUSINESS OWNER,6599418194,hassan.bintezainal@yahoo.com.sg,561,SENGKANG EAST WAY,38-55,711878
ARJUN,PILLAI,MALE,1979-09-28,SINGAPOREAN,INDIAN,SALES MANAGER,6594218028,arjun_pillai@hotmail.com,576,KALLANG BAHRU,01-88,855731
MEENA,KUMAR,FEMALE,1968-11-16,SINGAPOREAN,INDIAN,TEACHER,6595007072,meena.kumar@gmail.com,871,QUEENSTOWN RD,33-78,308573
ARJUN,KUMAR,MALE,1947-02-13,INDIAN,INDIAN,SALES MANAGER,6598153566,a.kumar@yahoo.com.sg,845,BUKIT BATOK ST,35-99,231869
TING YAN,GOH,FEMALE,1981-08-20,MALAYSIAN,CHINESE,ACCOUNTANT,6592030113,tingyan.goh@yahoo.com.sg,263,PASIR RIS DR,05-44,122056
SANJAY,KUMAR,MALE,1983-10-23,INDIAN,INDIAN,MARKETING EXECUTIVE,6597930103,sanjay_kumar@outlook.com,258,CHINATOWN POINT,31-53,299659
HASSAN,BIN ISMAIL,MALE,1948-05-07,SINGAPOREAN,MALAY,UNEMPLOYED,6593214348,h.binismail@yahoo.com.sg,204,BISHAN ST,29-18,542374
EMMA,BROWN,FEMALE,1980-04-19,BRITISH,OTHER,ELECTRICIAN,6596728339,e.brown@outlook.com,934,BEDOK NORTH RD,11-49,102260
EMMA,FERNANDEZ,FEMALE,2003-09-02,SINGAPOREAN,EURASIAN,WAREHOUSE WORKER,6598436429,emma.fernandez@yahoo.com.sg,951,KALLANG BAHRU,34-21,159642
MARIA,SANTOS,FEMALE,1983-10-17,FILIPINO,FILIPINO,RETIRED,6598770838,maria.santos@hotmail.com,333,ADMIRALTY DR,17-27,802258
CLARA,SANTOS,FEMALE,1991-09-17,FILIPINO,FILIPINO,SOCIAL MEDIA MANAGER,6594449324,clara.santos@outlook.com,145,ADMIRALTY DR,23-09,356150
SITI,BIN ISMAIL,FEMALE,1988-10-10,MALAYSIAN,MALAY,DELIVERY DRIVER,6592607983,siti_binismail@hotmail.com,288,TAMPINES ST,39-27,852470
HAO MIN,NG,MALE,1962-12-28,SINGAPOREAN,CHINESE,MAINTENANCE TECHNICIAN,6597175395,haomin_ng@gmail.com,584,ANG MO KIO AVE,08-10,824586
JIA TING,LEE,FEMALE,1968-06-30,SINGAPOREAN,CHINESE,TEACHER,6599393286,jiating.lee@yahoo.com.sg,915,KALLANG BAHRU,27-80,885884
MARIA,CRUZ,FEMALE,2007-02-25,FILIPINO,FILIPINO,CLEANER,6596417985,m.cruz@hotmail.com,903,BEDOK NORTH RD,31-29,309267
ANITA,NAIR,FEMALE,1977-12-14,SINGAPOREAN,INDIAN,ACCOUNTANT,6598996207,a.nair@gmail.com,349,ANG MO KIO AVE,08-34,287241
HASSAN,BINTE RAHMAN,MALE,2007-08-12,SINGAPOREAN,MALAY,ADMINISTRATIVE OFFICER,6590028374,hassan_binterahman@yahoo.com.sg,542,ADMIRALTY DR,35-88,854377
YAN TING,CHUA,FEMALE,2007-06-01,SINGAPOREAN,CHINESE,LOGISTICS COORDINATOR,6599301497,yanting.chua@hotmail.com,140,JURONG WEST ST,27-86,497562
FATIMAH,BINTE ZAINAL,FEMALE,1971-09-19,SINGAPOREAN,MALAY,FREELANCER,6597938746,fatimah_bintezainal@hotmail.com,822,BOON LAY WAY,11-85,188914
WEI XIN,CHUA,MALE,1963-04-10,SINGAPOREAN,CHINESE,FREELANCE WRITER,6596442089,weixin.chua@outlook.com,516,GEYLANG RD,16-19,787926
SANJAY,RAO,MALE,1982-11-01,SINGAPOREAN,INDIAN,RETIRED,6595323376,sanjay_rao@outlook.com,982,UPPER BUKIT TIMAH RD,29-79,954596
SANJAY,RAO,MALE,1999-02-09,MALAYSIAN,INDIAN,MARKETING EXECUTIVE,6594793722,sanjay.rao@yahoo.com.sg,250,SENGKANG EAST WAY,22-41,666390
XIN XIN,TAN,MALE,1963-07-14,SINGAPOREAN,CHINESE,DOCTOR,6598002392,xx.tan@yahoo.com.sg,16,ORCHARD RD,20-97,508930
SITI,BINTE ZAINAL,FEMALE,1964-09-30,SINGAPOREAN,MALAY,SOFTWARE ENGINEER,6590452421,siti_bintezainal@outlook.com,938,GEYLANG RD,38-73,795205
XIN MIN,CHUA,MALE,1987-08-29,SINGAPOREAN,CHINESE,MARKETING COORDINATOR,6590325197,xinmin_chua@gmail.com,777,BISHAN ST,04-45,335113
AHMAD,BINTE ZAINAL,MALE,1976-03-26,SINGAPOREAN,MALAY,SOFTWARE DEVELOPER,6591921542,a.bintezainal@outlook.com,806,TIONG BAHRU RD,11-40,213349
JIA YAN,TAN,FEMALE,1998-12-05,SINGAPOREAN,CHINESE,OFFICE CLERK,6596217147,jy.tan@gmail.com,80,PUNGGOL WAY,22-02,990844
MICHAEL,DAVIS,MALE,1983-05-18,MALAYSIAN,OTHER,GRAPHIC DESIGNER,6595407373,m.davis@outlook.com,882,PASIR RIS DR,06-36,572700
RAHUL,MENON,MALE,1991-02-13,SINGAPOREAN,INDIAN,GRAPHIC DESIGNER,6594049282,r.menon@outlook.com,747,SERANGOON RD,32-72,894993
TING YAN,GOH,FEMALE,1982-06-19,SINGAPOREAN,CHINESE,RETAIL ASSISTANT,6595902401,tingyan_goh@yahoo.com.sg,729,TOA PAYOH LOR,18-40,363615
AISYAH,BIN ABDULLAH,FEMALE,1954-04-27,MALAYSIAN,MALAY,SALES MANAGER,6596054579,aisyah.binabdullah@gmail.com,193,TAMPINES ST,01-91,660081
HAO WEI,WONG,MALE,1960-02-28,SINGAPOREAN,CHINESE,FREELANCE WRITER,6591096280,haowei.wong@yahoo.com.sg,420,WOODLANDS DR,05-74,760021
JIA YAN,CHUA,FEMALE,1979-06-02,MALAYSIAN,CHINESE,SECURITY GUARD,6599873813,jiayan_chua@gmail.com,449,TAMPINES ST,37-80,163156
XIN LI,CHAN,MALE,1992-05-27,SINGAPOREAN,CHINESE,GRAPHIC DESIGNER,6594743227,xl.chan@yahoo.com.sg,729,KALLANG BAHRU,30-10,820775
MOHAMMAD,BIN ISMAIL,MALE,1979-12-19,MALAYSIAN,MALAY,RETAIL MANAGER,6595101803,mohammad.binismail@gmail.com,726,GEYLANG RD,18-65,666211
NUR,BIN ISMAIL,FEMALE,1970-08-29,SINGAPOREAN,MALAY,IT SUPPORT,6598706768,n.binismail@gmail.com,677,TOA PAYOH LOR,18-24,713762
XIN MIN,CHUA,MALE,1962-01-19,SINGAPOREAN,CHINESE,WAREHOUSE WORKER,6597630712,xm.chua@gmail.com,100,YISHUN RING RD,17-42,221552
PRIYA,KUMAR,FEMALE,1989-05-28,SINGAPOREAN,INDIAN,WAREHOUSE WORKER,6597350368,priya_kumar@yahoo.com.sg,911,JALAN BESAR,32-16,130271
SOPHIA,PEREIRA,FEMALE,1969-09-13,SINGAPOREAN,EURASIAN,NURSE,6594896624,s.pereira@yahoo.com.sg,531,JALAN BESAR,18-54,975271
ANITA,PILLAI,FEMALE,2001-05-17,SINGAPOREAN,INDIAN,ELECTRICIAN,6590043037,a.pillai@yahoo.com.sg,299,COMMONWEALTH AVE,20-76,708093
JIA YAN,LEE,FEMALE,1972-07-29,MALAYSIAN,CHINESE,BANK TELLER,6590732280,jiayan_lee@yahoo.com.sg,335,COMMONWEALTH AVE,31-91,950823
SANJAY,SINGH,MALE,1958-12-02,INDIAN,INDIAN,FREELANCE WRITER,6592589751,sanjay_singh@gmail.com,86,WOODLANDS DR,17-44,753534
TING JIA,LIM,FEMALE,1968-11-20,SINGAPOREAN,CHINESE,DATA ANALYST,6591686231,tingjia.lim@hotmail.com,464,HOUGANG AVE,20-04,148225
AHMAD,BIN ABDULLAH,MALE,1977-11-14,SINGAPOREAN,MALAY,IT SUPPORT,6594040453,a.binabdullah@outlook.com,519,ADMIRALTY DR,38-19,343467
SOPHIA,GOMES,FEMALE,1979-06-04,SINGAPOREAN,EURASIAN,BANK TELLER,6593342306,s.gomes@hotmail.com,403,KALLANG BAHRU,31-14,348728
MEENA,RAO,FEMALE,1974-04-28,INDIAN,INDIAN,LOGISTICS COORDINATOR,6595910964,meena_rao@yahoo.com.sg,234,QUEENSTOWN RD,13-80,362801
TING YAN,CHUA,FEMALE,1989-10-04,SINGAPOREAN,CHINESE,MAINTENANCE TECHNICIAN,6596138070,ty.chua@hotmail.com,553,PUNGGOL WAY,18-22,369452
AYESHA,KHAN,FEMALE,1997-01-08,BANGLADESHI,BANGLADESHI,CONSTRUCTION WORKER,6594436878,a.khan@outlook.com,559,CHOA CHU KANG LOOP,30-48,805511
PRIYA,RAO,FEMALE,1999-12-25,INDIAN,INDIAN,ADMINISTRATIVE OFFICER,6595069909,p.rao@outlook.com,674,SERANGOON RD,08-18,147549
FATIMAH,BINTE RAHMAN,FEMALE,1948-09-07,SINGAPOREAN,MALAY,RETAIL ASSISTANT,6596847048,f.binterahman@yahoo.com.sg,971,SENGKANG EAST WAY,03-89,488528
XIN WEI,LEE,MALE,1984-01-11,SINGAPOREAN,CHINESE,SOFTWARE DEVELOPER,6590848566,xinwei.lee@yahoo.com.sg,815,YISHUN RING RD,16-17,925206
PRIYA,KUMAR,FEMALE,1970-02-26,INDIAN,INDIAN,DATA ANALYST,6590432519,priya.kumar@hotmail.com,144,ANG MO KIO AVE,23-31,717457
LI WEI,CHAN,MALE,1984-01-23,SINGAPOREAN,CHINESE,LAWYER,6598748499,lw.chan@gmail.com,318,TOA PAYOH LOR,02-08,602248
YAN YAN,GOH,FEMALE,1984-09-28,SINGAPOREAN,CHINESE,FACTORY WORKER,6594947563,yanyan.goh@yahoo.com.sg,474,PUNGGOL WAY,39-56,203996
RAHUL,RAO,MALE,1989-12-18,SINGAPOREAN,INDIAN,MARKETING EXECUTIVE,6597956894,rahul_rao@hotmail.com,78,BUKIT BATOK ST,06-12,552855
XIN WEI,WONG,MALE,1976-02-23,SINGAPOREAN,CHINESE,RETAIL ASSISTANT,6599695863,xinwei.wong@hotmail.com,529,JURONG WEST ST,10-85,605612
MEENA,MENON,FEMALE,1982-01-14,MALAYSIAN,INDIAN,DATA ANALYST,6594487028,m.menon@hotmail.com,39,HOUGANG AVE,18-90,899444
HASSAN,BINTE RAHMAN,MALE,1979-06-24,SINGAPOREAN,MALAY,MARKETING EXECUTIVE,6592640889,hassan.binterahman@yahoo.com.sg,388,TAMPINES ST,21-73,725185
MOHAMMAD,BINTE RAHMAN,MALE,1948-06-25,SINGAPOREAN,MALAY,LOGISTICS COORDINATOR,6597212753,mohammad.binterahman@yahoo.com.sg,123,TAMPINES ST,38-63,652530
ANNA,CRUZ,FEMALE,2000-08-08,FILIPINO,FILIPINO,RETAIL MANAGER,6592947669,anna_cruz@hotmail.com,142,GEYLANG RD,35-91,341288
CLARA,GARCIA,FEMALE,1958-05-29,FILIPINO,FILIPINO,ADMINISTRATIVE OFFICER,6591932288,c.garcia@hotmail.com,424,ANG MO KIO AVE,21-22,940247
YAN TING,LEE,FEMALE,1990-02-09,SINGAPOREAN,CHINESE,MAINTENANCE TECHNICIAN,6598564488,yt.lee@hotmail.com,658,CHOA CHU KANG LOOP,34-66,303322
JIA JIA,CHAN,FEMALE,1983-10-24,SINGAPOREAN,CHINESE,ELECTRICIAN,6597531380,jj.chan@hotmail.com,707,ADMIRALTY DR,37-83,766158
LI WEI,WONG,MALE,1966-01-30,SINGAPOREAN,CHINESE,MARKETING EXECUTIVE,6596186390,liwei_wong@outlook.com,861,TAMPINES ST,05-83,996840
YAN JIA,TAN,FEMALE,1975-02-13,SINGAPOREAN,CHINESE,IT SUPPORT,6598464927,yj.tan@yahoo.com.sg,671,HOUGANG AVE,03-32,841995
AISYAH,BIN ABDULLAH,FEMALE,2002-12-14,SINGAPOREAN,MALAY,MARKETING EXECUTIVE,6596485471,aisyah_binabdullah@yahoo.com.sg,300,SENGKANG EAST WAY,39-20,449555
JUAN,REYES,MALE,1981-02-17,FILIPINO,FILIPINO,UNEMPLOYED,6597103580,juan.reyes@hotmail.com,530,ORCHARD RD,02-47,423869
ARJUN,RAO,MALE,2004-03-08,SINGAPOREAN,INDIAN,SECURITY GUARD,6596320310,arjun.rao@outlook.com,167,HOUGANG AVE,12-89,908554
VIKRAM,NAIR,MALE,1960-04-09,SINGAPOREAN,INDIAN,FREELANCER,6596171347,v.nair@outlook.com,704,MARINE PARADE RD,29-60,906814
PRIYA,RAO,FEMALE,1948-05-25,SINGAPOREAN,INDIAN,TEACHER,6591407191,p.rao@gmail.com,791,HOUGANG AVE,18-58,638289
WEI MIN,LEE,MALE,1988-11-28,SINGAPOREAN,CHINESE,SHOP ASSISTANT,6595625238,wm.lee@yahoo.com.sg,820,CLEMENTI AVE,09-05,400814
MEENA,MENON,FEMALE,1968-05-27,SINGAPOREAN,INDIAN,MARKETING COORDINATOR,6593986941,meena_menon@outlook.com,318,CHOA CHU KANG LOOP,04-31,540218
AISYAH,BINTE ZAINAL,FEMALE,1996-05-03,SINGAPOREAN,MALAY,STUDENT,6599574148,aisyah_bintezainal@gmail.com,436,HOUGANG AVE,06-68,478120
HAO WEI,GOH,MALE,1996-10-06,MALAYSIAN,CHINESE,ELECTRICIAN,6595679880,hw.goh@yahoo.com.sg,843,QUEENSTOWN RD,12-88,587192
MIN LI,CHUA,MALE,1962-08-31,SINGAPOREAN,CHINESE,DOCTOR,6594249899,minli.chua@hotmail.com,47,UPPER BUKIT TIMAH RD,13-37,474314
JAMES,GOMES,MALE,1976-09-22,SINGAPOREAN,EURASIAN,ACCOUNTANT,6594474830,james.gomes@hotmail.com,830,BUKIT BATOK ST,28-11,551524
SANJAY,NAIR,MALE,1976-11-10,SINGAPOREAN,INDIAN,MARKETING COORDINATOR,6597297090,s.nair@yahoo.com.sg,291,QUEENSTOWN RD,04-10,803787
SANJAY,MENON,MALE,1989-12-14,SINGAPOREAN,INDIAN,STUDENT,6597548448,sanjay.menon@hotmail.com,981,ORCHARD RD,24-57,900152
LI WEI,WONG,MALE,1959-04-20,MALAYSIAN,CHINESE,TEACHER,6594791184,liwei.wong@outlook.com,720,ADMIRALTY DR,32-26,228594
SITI,BINTE RAHMAN,FEMALE,1961-04-25,SINGAPOREAN,MALAY,RETAIL MANAGER,6592036124,s.binterahman@hotmail.com,215,CHINATOWN POINT,09-31,928766
SOPHIA,GOMES,FEMALE,1947-03-06,SINGAPOREAN,EURASIAN,RETAIL MANAGER,6595318841,sophia.gomes@yahoo.com.sg,667,BUKIT BATOK ST,29-60,813145
HAO MIN,WONG,MALE,1953-04-11,SINGAPOREAN,CHINESE,MARKETING EXECUTIVE,6599241585,haomin_wong@yahoo.com.sg,291,CLEMENTI AVE,20-79,659392
PRIYA,SINGH,FEMALE,2005-10-23,INDIAN,INDIAN,MARKETING COORDINATOR,6594440189,p.singh@hotmail.com,676,JURONG WEST ST,37-54,748133
XIN XIN,LEE,MALE,1989-06-10,SINGAPOREAN,CHINESE,CONSTRUCTION WORKER,6595357240,xinxin_lee@gmail.com,761,KALLANG BAHRU,23-52,237118
XIN LI,CHUA,MALE,1990-06-17,SINGAPOREAN,CHINESE,RETAIL MANAGER,6599691980,xinli_chua@outlook.com,748,YISHUN RING RD,13-98,267082
MICHAEL,PEREIRA,MALE,2000-11-01,SINGAPOREAN,EURASIAN,TEACHER,6597895137,m.pereira@hotmail.com,302,BISHAN ST,01-14,551860
XIN LI,CHAN,MALE,1953-11-16,SINGAPOREAN,CHINESE,ELECTRICIAN,6591993318,xinli_chan@hotmail.com,141,CHOA CHU KANG LOOP,26-48,933510
TING YAN,CHAN,FEMALE,2001-03-13,SINGAPOREAN,CHINESE,ELECTRICIAN,6595502353,tingyan_chan@hotmail.com,963,EUNOS CRESCENT,21-21,512042
AISYAH,BIN ISMAIL,FEMALE,1978-10-26,MALAYSIAN,MALAY,CUSTOMER SERVICE OFFICER,6595161977,aisyah_binismail@yahoo.com.sg,825,BOON LAY WAY,02-77,597643
VIKRAM,SINGH,MALE,1968-04-07,MALAYSIAN,INDIAN,FREELANCE WRITER,6590317716,v.singh@outlook.com,461,YISHUN RING RD,27-20,533020
MICHAEL,TAYLOR,MALE,1955-10-07,BRITISH,CAUCASIAN,UNEMPLOYED,6595943949,michael.taylor@hotmail.com,702,UPPER BUKIT TIMAH RD,17-79,607699
RAHUL,MENON,MALE,1953-05-28,SINGAPOREAN,INDIAN,CLEANER,6592044708,rahul.menon@hotmail.com,597,BALESTIER RD,35-49,513697
HASSAN,BIN ISMAIL,MALE,1953-03-12,SINGAPOREAN,MALAY,STUDENT,6591832517,hassan_binismail@yahoo.com.sg,640,COMMONWEALTH AVE,38-31,354235
HASSAN,BINTE RAHMAN,MALE,1980-09-01,SINGAPOREAN,MALAY,STUDENT,6593346315,hassan.binterahman@yahoo.com.sg,784,TAMPINES ST,21-37,777273
WILLIAM,SMITH,MALE,2003-11-05,BRITISH,CAUCASIAN,CALL CENTER AGENT,6591800206,w.smith@yahoo.com.sg,960,YISHUN RING RD,19-59,772464
HAO WEI,GOH,MALE,1963-12-12,SINGAPOREAN,CHINESE,DATA ANALYST,6593240708,hw.goh@gmail.com,189,EUNOS CRESCENT,26-55,640310
TING TING,TAN,FEMALE,1996-12-20,SINGAPOREAN,CHINESE,TEACHER,6593964499,tingting_tan@hotmail.com,73,BALESTIER RD,08-60,421709
RAHIM,KHAN,MALE,1982-08-30,BANGLADESHI,BANGLADESHI,FREELANCE WRITER,6599018050,rahim_khan@gmail.com,831,BALESTIER RD,14-98,359486
PRIYA,MENON,FEMALE,1970-06-17,SINGAPOREAN,INDIAN,NURSE,6598729882,priya_menon@outlook.com,462,CHOA CHU KANG LOOP,14-92,711474
AISYAH,BIN ABDULLAH,FEMALE,1965-04-22,SINGAPOREAN,MALAY,STUDENT,6599702453,aisyah.binabdullah@gmail.com,84,BEDOK NORTH RD,28-45,834406
FATIMAH,BIN ISMAIL,FEMALE,1957-08-18,SINGAPOREAN,MALAY,DOCTOR,6596333337,fatimah.binismail@yahoo.com.sg,394,BUKIT BATOK ST,35-18,785280
MICHAEL,DAVIS,MALE,1952-08-23,MALAYSIAN,OTHER,SALES MANAGER,6595807596,michael_davis@outlook.com,168,SENGKANG EAST WAY,13-93,902674
JIA JIA,TAN,FEMALE,1972-10-03,SINGAPOREAN,CHINESE,ELECTRICIAN,6593645172,jiajia.tan@hotmail.com,782,KALLANG BAHRU,04-18,628373
WILLIAM,SMITH,MALE,1983-03-31,AMERICAN,CAUCASIAN,LOGISTICS COORDINATOR,6597167236,william_smith@hotmail.com,579,WOODLANDS DR,04-45,774565
TING YAN,NG,FEMALE,1946-10-15,MALAYSIAN,CHINESE,GRAPHIC DESIGNER,6596923579,tingyan.ng@hotmail.com,436,BISHAN ST,34-18,507286
HASSAN,BIN ABDULLAH,MALE,1951-10-28,MALAYSIAN,MALAY,ADMINISTRATIVE OFFICER,6599375955,hassan.binabdullah@yahoo.com.sg,232,WOODLANDS DR,14-43,417915
SOPHIA,GOMES,FEMALE,1976-06-06,SINGAPOREAN,EURASIAN,FACTORY WORKER,6594388275,sophia_gomes@outlook.com,378,PUNGGOL WAY,32-60,203398
MIN LI,CHUA,MALE,1991-06-18,SINGAPOREAN,CHINESE,MARKETING COORDINATOR,6593859072,minli_chua@hotmail.com,398,MARINE PARADE RD,16-64,677390
FATIMAH,BINTE RAHMAN,FEMALE,1962-11-25,MALAYSIAN,MALAY,CONSTRUCTION WORKER,6590985360,f.binterahman@yahoo.com.sg,546,BEDOK NORTH RD,05-86,150871
YAN TING,CHAN,FEMALE,2002-10-10,SINGAPOREAN,CHINESE,ADMINISTRATIVE ASSISTANT,6596901115,yt.chan@gmail.com,22,ANG MO KIO AVE,34-93,388086
MIN MIN,CHUA,MALE,1997-08-24,SINGAPOREAN,CHINESE,CLEANER,6599479163,minmin.chua@gmail.com,259,JALAN BESAR,15-39,817269
XIN XIN,GOH,MALE,1968-09-27,SINGAPOREAN,CHINESE,STUDENT,6590713900,xinxin.goh@hotmail.com,245,JURONG WEST ST,37-61,384263
AYESHA,HOSSAIN,FEMALE,2003-05-04,BANGLADESHI,BANGLADESHI,DELIVERY DRIVER,6599507579,ayesha_hossain@yahoo.com.sg,864,KALLANG BAHRU,25-87,666820
YAN YAN,CHUA,FEMALE,1955-01-16,SINGAPOREAN,CHINESE,CALL CENTER AGENT,6594585666,yy.chua@outlook.com,812,TOA PAYOH LOR,32-30,473095
VIKRAM,PILLAI,MALE,1949-07-19,MALAYSIAN,INDIAN,IT SUPPORT,6595312979,v.pillai@gmail.com,379,CHOA CHU KANG LOOP,06-01,423241
MIN LI,LIM,MALE,1975-07-17,SINGAPOREAN,CHINESE,MAINTENANCE TECHNICIAN,6590207041,minli.lim@yahoo.com.sg,308,SERANGOON RD,25-11,860053
XIN MIN,CHAN,MALE,1956-05-08,SINGAPOREAN,CHINESE,UNEMPLOYED,6594137094,xinmin.chan@yahoo.com.sg,748,QUEENSTOWN RD,32-77,746624
HASSAN,BINTE RAHMAN,MALE,2004-12-21,MALAYSIAN,MALAY,FREELANCER,6593369728,hassan_binterahman@outlook.com,500,YISHUN RING RD,12-51,434640
YAN YAN,NG,FEMALE,1982-01-14,SINGAPOREAN,CHINESE,FREELANCER,6597744735,yanyan_ng@gmail.com,975,JALAN BESAR,14-57,936433
PRIYA,PILLAI,FEMALE,1960-10-25,SINGAPOREAN,INDIAN,FACTORY WORKER,6596724393,p.pillai@gmail.com,557,PUNGGOL WAY,27-70,138551
AISYAH,BINTE ZAINAL,FEMALE,1988-05-12,SINGAPOREAN,MALAY,FREELANCE WRITER,6593724560,aisyah.bintezainal@outlook.com,532,COMMONWEALTH AVE,34-72,708717
XIN WEI,LIM,MALE,1949-06-28,SINGAPOREAN,CHINESE,DELIVERY DRIVER,6595232651,xinwei.lim@outlook.com,361,TOA PAYOH LOR,14-67,606384
AHMAD,BINTE RAHMAN,MALE,1952-09-21,MALAYSIAN,MALAY,WAREHOUSE WORKER,6592926839,ahmad.binterahman@outlook.com,575,HOUGANG AVE,22-72,547080
TING JIA,LEE,FEMALE,2007-02-02,SINGAPOREAN,CHINESE,DATA ANALYST,6599686290,tj.lee@gmail.com,114,CHINATOWN POINT,35-24,483561
MOHAMMAD,BINTE RAHMAN,MALE,1954-11-11,SINGAPOREAN,MALAY,GRAPHIC DESIGNER,6599901382,mohammad.binterahman@yahoo.com.sg,96,BALESTIER RD,09-41,223586
LI HAO,NG,MALE,1969-04-06,SINGAPOREAN,CHINESE,NURSE,6595277776,lihao.ng@outlook.com,872,TOA PAYOH LOR,04-46,110048
LI WEI,LEE,MALE,1993-04-26,MALAYSIAN,CHINESE,CONSTRUCTION WORKER,6599019575,lw.lee@gmail.com,305,HOUGANG AVE,30-73,878586
SITI,BINTE ZAINAL,FEMALE,2005-05-07,MALAYSIAN,MALAY,DOCTOR,6594994727,siti.bintezainal@outlook.com,905,BEDOK NORTH RD,29-34,465509
JIA JIA,TAN,FEMALE,1982-05-24,SINGAPOREAN,CHINESE,CUSTOMER SERVICE OFFICER,6599039036,jiajia_tan@gmail.com,182,YISHUN RING RD,19-38,700556
PRIYA,RAO,FEMALE,1969-10-23,INDIAN,INDIAN,SECURITY GUARD,6594508325,priya.rao@outlook.com,652,SERANGOON RD,25-58,179184
PRIYA,RAO,FEMALE,1956-02-02,SINGAPOREAN,INDIAN,CUSTOMER SERVICE OFFICER,6598966154,p.rao@hotmail.com,417,JURONG WEST ST,28-28,618746
AHMAD,BINTE ZAINAL,MALE,1990-08-14,SINGAPOREAN,MALAY,DRIVER,6597659103,a.bintezainal@yahoo.com.sg,10,SERANGOON RD,13-89,238320
HASSAN,BIN ISMAIL,MALE,1952-08-07,SINGAPOREAN,MALAY,MARKETING EXECUTIVE,6591530068,hassan_binismail@yahoo.com.sg,730,CHOA CHU KANG LOOP,01-28,599968
JAMES,JOHNSON,MALE,1968-02-22,AMERICAN,CAUCASIAN,CONSTRUCTION WORKER,6595257165,james.johnson@yahoo.com.sg,386,BOON LAY WAY,20-18,501312
HAO XIN,CHAN,MALE,1947-02-21,SINGAPOREAN,CHINESE,SOCIAL MEDIA MANAGER,6592349030,hx.chan@hotmail.com,780,CHOA CHU KANG LOOP,38-94,502686
ARJUN,RAO,MALE,1951-09-23,SINGAPOREAN,INDIAN,STUDENT,6598548370,arjun.rao@outlook.com,203,COMMONWEALTH AVE,26-38,777558
SOPHIA,DE SOUZA,FEMALE,1983-08-04,SINGAPOREAN,EURASIAN,ADMINISTRATIVE OFFICER,6596130603,sophia.desouza@gmail.com,569,BALESTIER RD,12-98,593894
MICHAEL,DAVIS,MALE,1977-02-12,FILIPINO,OTHER,DATA ANALYST,6599002063,michael_davis@yahoo.com.sg,560,EUNOS CRESCENT,10-36,187657
TING YAN,CHUA,FEMALE,1952-01-30,MALAYSIAN,CHINESE,SECURITY GUARD,6594101689,tingyan.chua@hotmail.com,98,ADMIRALTY DR,28-15,575394
MIN HAO,GOH,MALE,1993-03-02,SINGAPOREAN,CHINESE,STUDENT,6590492516,minhao_goh@gmail.com,353,CHINATOWN POINT,28-35,649300
ARJUN,MENON,MALE,1968-04-26,INDIAN,INDIAN,NURSE,6598536665,a.menon@yahoo.com.sg,12,BEDOK NORTH RD,01-32,148215
JAMES,FERNANDEZ,MALE,2006-01-27,SINGAPOREAN,EURASIAN,STUDENT,6593008898,j.fernandez@hotmail.com,238,CHINATOWN POINT,34-06,520400
YAN YAN,LEE,FEMALE,1983-09-10,SINGAPOREAN,CHINESE,GRAPHIC DESIGNER,6593278644,yanyan.lee@outlook.com,760,BOON LAY WAY,35-98,934638
AISYAH,BIN ABDULLAH,FEMALE,1992-08-02,SINGAPOREAN,MALAY,MARKETING EXECUTIVE,6598254874,aisyah.binabdullah@outlook.com,994,BEDOK NORTH RD,10-92,393418
ARJUN,PILLAI,MALE,1969-05-02,SINGAPOREAN,INDIAN,CLEANER,6594893511,a.pillai@hotmail.com,277,KALLANG BAHRU,21-51,834764
HAO XIN,CHAN,MALE,1988-10-01,MALAYSIAN,CHINESE,NURSE,6596011065,haoxin.chan@gmail.com,997,UPPER BUKIT TIMAH RD,14-58,423284
ANITA,MENON,FEMALE,1994-05-14,SINGAPOREAN,INDIAN,CALL CENTER AGENT,6592917016,anita.menon@outlook.com,41,GEYLANG RD,29-72,884417
AYESHA,HOSSAIN,FEMALE,1973-02-08,BANGLADESHI,BANGLADESHI,MAINTENANCE TECHNICIAN,6590365746,a.hossain@gmail.com,76,JURONG WEST ST,29-17,196446
XIN HAO,GOH,MALE,1990-05-21,MALAYSIAN,CHINESE,SECURITY GUARD,6594695180,xinhao.goh@hotmail.com,466,BOON LAY WAY,10-05,743937
LI HAO,TAN,MALE,1956-09-02,SINGAPOREAN,CHINESE,DATA ANALYST,6599135492,lh.tan@yahoo.com.sg,810,WOODLANDS DR,23-73,626797
AISYAH,BINTE RAHMAN,FEMALE,1948-05-06,MALAYSIAN,MALAY,SOFTWARE DEVELOPER,6594045872,a.binterahman@hotmail.com,282,BISHAN ST,04-98,330069
YAN YAN,GOH,FEMALE,1963-03-14,MALAYSIAN,CHINESE,UNEMPLOYED,6599447399,yanyan.goh@gmail.com,981,JURONG WEST ST,32-70,424065
JIA TING,NG,FEMALE,1955-01-31,SINGAPOREAN,CHINESE,ADMINISTRATIVE ASSISTANT,6590367637,jt.ng@gmail.com,161,MARINE PARADE RD,10-15,987599
SOPHIA,GOMES,FEMALE,1970-12-29,SINGAPOREAN,EURASIAN,ACCOUNTANT,6599428414,sophia.gomes@outlook.com,720,BOON LAY WAY,23-29,797860
CLARA,SANTOS,FEMALE,1995-11-10,FILIPINO,FILIPINO,DELIVERY DRIVER,6593706007,clara.santos@yahoo.com.sg,664,MARINE PARADE RD,07-64,247475
TING TING,LIM,FEMALE,1946-07-17,SINGAPOREAN,CHINESE,DRIVER,6597352113,tt.lim@outlook.com,760,SERANGOON RD,11-53,617033
RAHUL,NAIR,MALE,1947-06-25,SINGAPOREAN,INDIAN,CALL CENTER AGENT,6592853891,rahul.nair@hotmail.com,919,GEYLANG RD,11-94,178645
ARJUN,NAIR,MALE,1991-07-29,SINGAPOREAN,INDIAN,FREELANCER,6599296463,arjun.nair@gmail.com,749,ADMIRALTY DR,35-34,792687
LI XIN,LEE,MALE,1991-03-29,SINGAPOREAN,CHINESE,BUSINESS OWNER,6594895783,lx.lee@hotmail.com,93,WOODLANDS DR,08-40,923002
XIN MIN,LEE,MALE,1963-02-01,SINGAPOREAN,CHINESE,DELIVERY DRIVER,6592535551,xinmin_lee@outlook.com,780,JALAN BESAR,07-11,800596
FATIMAH,BINTE RAHMAN,FEMALE,1967-07-22,SINGAPOREAN,MALAY,ELECTRICIAN,6590582647,fatimah.binterahman@gmail.com,524,MARINE PARADE RD,34-74,810446
JIA YAN,NG,FEMALE,1953-06-13,SINGAPOREAN,CHINESE,DATA ANALYST,6591124274,jy.ng@outlook.com,99,GEYLANG RD,36-51,678870
JIA JIA,LIM,FEMALE,1962-06-26,SINGAPOREAN,CHINESE,NURSE,6596893590,jiajia.lim@hotmail.com,280,GEYLANG RD,32-74,738543
PRIYA,RAO,FEMALE,1973-07-10,SINGAPOREAN,INDIAN,LAWYER,6590339451,priya_rao@gmail.com,355,TIONG BAHRU RD,20-40,393964
XIN HAO,CHUA,MALE,1961-07-11,MALAYSIAN,CHINESE,CUSTOMER SUPPORT SPECIALIST,6590942977,xh.chua@yahoo.com.sg,537,CHINATOWN POINT,11-09,426236
MOHAMMAD,BINTE RAHMAN,MALE,1999-09-16,MALAYSIAN,MALAY,GRAPHIC DESIGNER,6596659586,m.binterahman@outlook.com,660,ADMIRALTY DR,08-88,132047
MEENA,SINGH,FEMALE,1997-01-26,SINGAPOREAN,INDIAN,RETAIL ASSISTANT,6592733132,meena.singh@hotmail.com,884,MARINE PARADE RD,14-29,778827
MOHAMMAD,BIN ISMAIL,MALE,1953-08-05,SINGAPOREAN,MALAY,NURSE,6596316209,mohammad_binismail@outlook.com,882,ORCHARD RD,30-33,328808
AHMAD,BINTE ZAINAL,MALE,1993-11-24,SINGAPOREAN,MALAY,ADMINISTRATIVE OFFICER,6595454894,ahmad_bintezainal@hotmail.com,892,SENGKANG EAST WAY,17-84,845635
RAHUL,RAO,MALE,1985-12-02,INDIAN,INDIAN,RETIRED,6598344531,rahul_rao@yahoo.com.sg,312,SENGKANG EAST WAY,27-52,507135
YAN JIA,WONG,FEMALE,1989-05-13,SINGAPOREAN,CHINESE,MARKETING COORDINATOR,6599378994,yanjia.wong@hotmail.com,791,ADMIRALTY DR,12-88,451936
WEI LI,LIM,MALE,1971-09-14,SINGAPOREAN,CHINESE,OFFICE CLERK,6592010177,weili.lim@yahoo.com.sg,898,BALESTIER RD,25-68,412848
ANITA,NAIR,FEMALE,1970-06-10,SINGAPOREAN,INDIAN,CONSTRUCTION WORKER,6590973306,anita_nair@yahoo.com.sg,14,TOA PAYOH LOR,18-27,898169
WEI WEI,LEE,MALE,1945-06-14,SINGAPOREAN,CHINESE,GRAPHIC DESIGNER,6598909268,weiwei_lee@hotmail.com,205,ANG MO KIO AVE,01-81,869238
MIN XIN,GOH,MALE,1969-06-25,SINGAPOREAN,CHINESE,BUSINESS OWNER,6598223833,minxin.goh@yahoo.com.sg,377,UPPER BUKIT TIMAH RD,13-22,951452
ANITA,RAO,FEMALE,2002-11-16,SINGAPOREAN,INDIAN,SOFTWARE ENGINEER,6590815153,anita_rao@gmail.com,618,BEDOK NORTH RD,07-84,976735
YAN JIA,WONG,FEMALE,1968-12-05,SINGAPOREAN,CHINESE,OFFICE CLERK,6598729340,yanjia.wong@gmail.com,286,EUNOS CRESCENT,39-90,243826
HAO MIN,CHUA,MALE,1986-10-08,SINGAPOREAN,CHINESE,SOFTWARE ENGINEER,6598327450,haomin_chua@gmail.com,942,JURONG WEST ST,31-43,345896
RAHUL,RAO,MALE,1994-05-16,SINGAPOREAN,INDIAN,FREELANCER,6597789281,rahul_rao@hotmail.com,61,CHOA CHU KANG LOOP,12-06,993647
XIN LI,WONG,MALE,1947-07-10,SINGAPOREAN,CHINESE,CUSTOMER SERVICE OFFICER,6595749933,xl.wong@outlook.com,197,CHOA CHU KANG LOOP,26-52,578715
MICHAEL,DE SOUZA,MALE,1976-11-09,SINGAPOREAN,EURASIAN,SALES MANAGER,6590483456,m.desouza@outlook.com,893,BALESTIER RD,09-62,611833
MEENA,MENON,FEMALE,2006-06-23,INDIAN,INDIAN,RETIRED,6598709047,m.menon@hotmail.com,545,JALAN BESAR,07-56,793856
TING JIA,LIM,FEMALE,1955-05-04,SINGAPOREAN,CHINESE,MARKETING COORDINATOR,6595551494,tj.lim@yahoo.com.sg,294,BEDOK NORTH RD,33-29,677236
SANJAY,RAO,MALE,1968-07-25,INDIAN,INDIAN,MARKETING EXECUTIVE,6596917892,sanjay_rao@hotmail.com,46,BISHAN ST,36-01,966028
ANITA,MENON,FEMALE,1964-08-30,MALAYSIAN,INDIAN,LOGISTICS COORDINATOR,6596095071,anita.menon@hotmail.com,743,TOA PAYOH LOR,08-13,896204
SANJAY,SINGH,MALE,1991-04-07,SINGAPOREAN,INDIAN,CLEANER,6592025778,sanjay.singh@hotmail.com,962,KALLANG BAHRU,26-28,579247
MEENA,KUMAR,FEMALE,1945-09-29,INDIAN,INDIAN,SHOP ASSISTANT,6590814896,meena.kumar@yahoo.com.sg,576,ADMIRALTY DR,28-75,606390
YAN JIA,WONG,FEMALE,1975-05-31,SINGAPOREAN,CHINESE,CUSTOMER SUPPORT SPECIALIST,6597597490,yanjia_wong@hotmail.com,834,CLEMENTI AVE,09-53,731792
HAO HAO,GOH,MALE,1956-10-14,SINGAPOREAN,CHINESE,DRIVER,6598059269,haohao_goh@hotmail.com,606,MARINE PARADE RD,27-87,884197
AHMAD,BIN ISMAIL,MALE,1969-02-01,SINGAPOREAN,MALAY,CLEANER,6594951637,ahmad.binismail@yahoo.com.sg,218,UPPER BUKIT TIMAH RD,35-05,476105
MICHAEL,PEREIRA,MALE,1993-04-14,SINGAPOREAN,EURASIAN,CALL CENTER AGENT,6597433377,michael_pereira@yahoo.com.sg,859,PASIR RIS DR,24-97,716966
MOHAMMAD,RAHMAN,MALE,1993-03-08,BANGLADESHI,BANGLADESHI,NURSE,6592699938,mohammad.rahman@gmail.com,608,KALLANG BAHRU,17-01,446620
PRIYA,RAO,FEMALE,1992-04-04,SINGAPOREAN,INDIAN,CALL CENTER AGENT,6598734324,p.rao@gmail.com,79,CHINATOWN POINT,33-21,536135
SOPHIA,PEREIRA,FEMALE,1996-08-16,SINGAPOREAN,EURASIAN,DRIVER,6594032368,s.pereira@gmail.com,936,QUEENSTOWN RD,16-06,815706
TING TING,TAN,FEMALE,2005-04-09,MALAYSIAN,CHINESE,ADMINISTRATIVE ASSISTANT,6595373956,tingting.tan@gmail.com,536,BUKIT BATOK ST,07-22,910883
ANITA,RAO,FEMALE,1947-12-18,MALAYSIAN,INDIAN,STUDENT,6592579573,anita.rao@hotmail.com,34,TOA PAYOH LOR,22-05,191772
AHMAD,BINTE ZAINAL,MALE,1982-01-04,SINGAPOREAN,MALAY,LAWYER,6591060950,a.bintezainal@gmail.com,784,COMMONWEALTH AVE,38-06,834928
MARIA,GARCIA,FEMALE,1992-03-10,FILIPINO,FILIPINO,TEACHER,6596559766,maria_garcia@hotmail.com,825,CHINATOWN POINT,35-38,764845
NUR,BIN ISMAIL,FEMALE,1996-04-18,SINGAPOREAN,MALAY,UNEMPLOYED,6596923193,nur_binismail@hotmail.com,937,QUEENSTOWN RD,33-19,268772
JAMES,WILSON,MALE,1973-02-20,FILIPINO,OTHER,SALES MANAGER,6593312117,james_wilson@yahoo.com.sg,753,MARINE PARADE RD,32-43,474486
YAN YAN,NG,FEMALE,1976-06-10,SINGAPOREAN,CHINESE,RETAIL ASSISTANT,6597185805,yanyan_ng@outlook.com,182,ANG MO KIO AVE,21-32,923824
ARJUN,KUMAR,MALE,1967-05-24,SINGAPOREAN,INDIAN,DRIVER,6592348838,arjun.kumar@gmail.com,922,BISHAN ST,13-34,869177
MOHAMMAD,BINTE ZAINAL,MALE,1969-07-07,MALAYSIAN,MALAY,FREELANCER,6596585029,m.bintezainal@gmail.com,238,BOON LAY WAY,38-94,998801
FATIMA,RAHMAN,FEMALE,2003-10-17,BANGLADESHI,BANGLADESHI,RETAIL ASSISTANT,6592452813,f.rahman@yahoo.com.sg,763,COMMONWEALTH AVE,31-46,142383
MICHAEL,GOMES,MALE,1946-11-29,SINGAPOREAN,EURASIAN,CUSTOMER SERVICE OFFICER,6595437011,michael_gomes@hotmail.com,115,JALAN BESAR,34-82,969948
NUR,BIN ISMAIL,FEMALE,1972-09-21,SINGAPOREAN,MALAY,NURSE,6596808902,nur_binismail@gmail.com,371,TIONG BAHRU RD,23-63,931161
HAO MIN,LIM,MALE,1978-06-19,SINGAPOREAN,CHINESE,ACCOUNTANT,6591901507,haomin_lim@outlook.com,503,BALESTIER RD,31-62,320939
HASSAN,BINTE RAHMAN,MALE,1993-04-03,SINGAPOREAN,MALAY,SOFTWARE ENGINEER,6598667792,hassan_binterahman@hotmail.com,991,GEYLANG RD,39-73,768595
MEENA,KUMAR,FEMALE,1981-05-16,SINGAPOREAN,INDIAN,ACCOUNTANT,6592813903,meena.kumar@outlook.com,751,BALESTIER RD,22-59,725510
VIKRAM,MENON,MALE,2000-11-10,INDIAN,INDIAN,SALES MANAGER,6590654924,v.menon@yahoo.com.sg,908,CHINATOWN POINT,35-65,888930
HAO XIN,CHUA,MALE,2007-10-22,SINGAPOREAN,CHINESE,GRAPHIC DESIGNER,6591639417,haoxin.chua@hotmail.com,445,CLEMENTI AVE,17-62,903061
PRIYA,MENON,FEMALE,2005-04-16,MALAYSIAN,INDIAN,MARKETING COORDINATOR,6595299951,p.menon@hotmail.com,428,ORCHARD RD,07-20,546768
HARRY,JOHNSON,MALE,1982-09-05,AMERICAN,CAUCASIAN,RETIRED,6594257682,harry_johnson@gmail.com,324,MARINE PARADE RD,23-91,517469
YAN YAN,TAN,FEMALE,2005-01-03,SINGAPOREAN,CHINESE,MARKETING EXECUTIVE,6591528212,yy.tan@yahoo.com.sg,853,CLEMENTI AVE,31-77,556526
NUR,BINTE RAHMAN,FEMALE,1979-01-06,SINGAPOREAN,MALAY,SOFTWARE ENGINEER,6593384085,nur_binterahman@yahoo.com.sg,880,BALESTIER RD,34-37,304206
TING TING,CHUA,FEMALE,1971-09-23,SINGAPOREAN,CHINESE,FREELANCER,6590257807,tingting_chua@hotmail.com,764,JALAN BESAR,05-12,676289
JUAN,SANTOS,MALE,1981-05-31,FILIPINO,FILIPINO,CLEANER,6595703681,juan_santos@hotmail.com,979,CHOA CHU KANG LOOP,33-33,664032
MEENA,SINGH,FEMALE,1973-02-04,SINGAPOREAN,INDIAN,RETAIL ASSISTANT,6596420191,m.singh@outlook.com,658,CHINATOWN POINT,15-87,835236
TING JIA,NG,FEMALE,1976-04-21,SINGAPOREAN,CHINESE,UNEMPLOYED,6599625300,tingjia_ng@yahoo.com.sg,285,HOUGANG AVE,13-64,872918
ARJUN,RAO,MALE,1960-11-10,SINGAPOREAN,INDIAN,NURSE,6590111126,arjun_rao@hotmail.com,792,KALLANG BAHRU,35-06,989203
JOSE,SANTOS,MALE,1978-09-02,FILIPINO,FILIPINO,CONSTRUCTION WORKER,6599072580,j.santos@gmail.com,43,PUNGGOL WAY,23-51,819678
HASSAN,BIN ISMAIL,MALE,1993-05-02,SINGAPOREAN,MALAY,RETAIL MANAGER,6594519920,hassan.binismail@outlook.com,492,EUNOS CRESCENT,22-47,292847
EMMA,FERNANDEZ,FEMALE,1962-08-10,SINGAPOREAN,EURASIAN,SOFTWARE ENGINEER,6596390162,e.fernandez@outlook.com,210,CLEMENTI AVE,10-61,944804
ARJUN,RAO,MALE,1991-05-11,SINGAPOREAN,INDIAN,DELIVERY DRIVER,6597995004,a.rao@hotmail.com,869,QUEENSTOWN RD,07-58,880762
PRIYA,MENON,FEMALE,1982-03-31,SINGAPOREAN,INDIAN,RETIRED,6594774942,priya.menon@outlook.com,373,YISHUN RING RD,33-63,912378
FATIMAH,BIN ABDULLAH,FEMALE,1995-04-27,MALAYSIAN,MALAY,ACCOUNTANT,6595259356,f.binabdullah@hotmail.com,334,QUEENSTOWN RD,19-91,380465
VIKRAM,RAO,MALE,2007-02-10,SINGAPOREAN,INDIAN,SHOP ASSISTANT,6593532803,v.rao@gmail.com,180,GEYLANG RD,07-13,166891
TING TING,LEE,FEMALE,1994-08-15,SINGAPOREAN,CHINESE,LOGISTICS COORDINATOR,6592120836,tt.lee@outlook.com,144,PUNGGOL WAY,11-04,136862
RAHIM,RAHMAN,MALE,1983-08-11,BANGLADESHI,BANGLADESHI,NURSE,6598782198,rahim.rahman@gmail.com,665,QUEENSTOWN RD,35-40,464032
JIA TING,WONG,FEMALE,1965-12-19,SINGAPOREAN,CHINESE,CONSTRUCTION WORKER,6598253243,jt.wong@yahoo.com.sg,979,UPPER BUKIT TIMAH RD,31-39,109576
YAN TING,CHUA,FEMALE,1987-08-05,SINGAPOREAN,CHINESE,RETIRED,6594019180,yt.chua@outlook.com,539,UPPER BUKIT TIMAH RD,18-37,779956
HASSAN,BINTE ZAINAL,MALE,1985-03-19,SINGAPOREAN,MALAY,CUSTOMER SERVICE OFFICER,6590832687,hassan_bintezainal@outlook.com,557,ANG MO KIO AVE,12-14,395818
TING TING,CHAN,FEMALE,1966-06-19,SINGAPOREAN,CHINESE,CONSTRUCTION WORKER,6591345920,tingting.chan@outlook.com,873,UPPER BUKIT TIMAH RD,10-08,379449
ABDUL,AHMED,MALE,1946-04-12,BANGLADESHI,BANGLADESHI,ELECTRICIAN,6597731522,a.ahmed@outlook.com,762,UPPER BUKIT TIMAH RD,07-67,798359
MOHAMMAD,BIN ABDULLAH,MALE,1951-02-27,SINGAPOREAN,MALAY,FACTORY WORKER,6593958849,mohammad_binabdullah@gmail.com,658,SERANGOON RD,21-02,275490
AHMAD,BINTE RAHMAN,MALE,1987-12-18,SINGAPOREAN,MALAY,MARKETING COORDINATOR,6595677780,ahmad_binterahman@gmail.com,963,UPPER BUKIT TIMAH RD,04-08,472787
YAN JIA,TAN,FEMALE,1976-03-09,SINGAPOREAN,CHINESE,CALL CENTER AGENT,6594205984,yanjia_tan@outlook.com,930,BEDOK NORTH RD,32-91,558752
SITI,BIN ABDULLAH,FEMALE,1979-06-01,MALAYSIAN,MALAY,MARKETING COORDINATOR,6594418267,s.binabdullah@yahoo.com.sg,564,ORCHARD RD,30-01,913608
TING JIA,CHAN,FEMALE,1949-11-10,MALAYSIAN,CHINESE,ADMINISTRATIVE ASSISTANT,6594750117,tingjia.chan@gmail.com,340,SERANGOON RD,21-15,200932
TING YAN,CHAN,FEMALE,1983-05-12,SINGAPOREAN,CHINESE,SOFTWARE ENGINEER,6590823520,tingyan.chan@outlook.com,385,PASIR RIS DR,39-92,174316
JOSE,CRUZ,MALE,1967-06-05,FILIPINO,FILIPINO,RETIRED,6591307538,jose_cruz@outlook.com,977,JURONG WEST ST,34-13,206142
CLARA,SANTOS,FEMALE,1963-07-03,FILIPINO,FILIPINO,FACTORY WORKER,6597696054,clara_santos@outlook.com,729,BALESTIER RD,28-14,274912
SOPHIA,WILSON,FEMALE,1978-06-15,FILIPINO,OTHER,CALL CENTER AGENT,6594038654,sophia_wilson@hotmail.com,586,BISHAN ST,14-49,902903
HAO MIN,TAN,MALE,1992-04-19,SINGAPOREAN,CHINESE,CALL CENTER AGENT,6595283223,haomin_tan@yahoo.com.sg,32,UPPER BUKIT TIMAH RD,18-71,636107
RAHUL,NAIR,MALE,1997-10-19,SINGAPOREAN,INDIAN,NURSE,6593647992,rahul_nair@gmail.com,761,BUKIT BATOK ST,21-62,281301
MICHAEL,DAVIS,MALE,1948-04-26,MALAYSIAN,OTHER,ADMINISTRATIVE ASSISTANT,6590191837,m.davis@yahoo.com.sg,659,UPPER BUKIT TIMAH RD,25-07,419588
LI LI,LIM,MALE,1994-07-21,MALAYSIAN,CHINESE,RETIRED,6592483236,lili_lim@outlook.com,145,YISHUN RING RD,06-61,699198
VIKRAM,PILLAI,MALE,1983-04-11,SINGAPOREAN,INDIAN,STUDENT,6599414830,v.pillai@hotmail.com,640,COMMONWEALTH AVE,34-32,354085
JIA TING,NG,FEMALE,1964-08-14,SINGAPOREAN,CHINESE,BANK TELLER,6592446428,jiating_ng@gmail.com,461,BEDOK NORTH RD,15-26,818651
MOHAMMAD,BINTE ZAINAL,MALE,1991-10-03,SINGAPOREAN,MALAY,CALL CENTER AGENT,6593554677,mohammad_bintezainal@yahoo.com.sg,218,BISHAN ST,34-97,371222
YAN TING,TAN,FEMALE,1965-02-04,SINGAPOREAN,CHINESE,FREELANCER,6596520383,yanting_tan@outlook.com,686,SENGKANG EAST WAY,24-14,120005
SANJAY,MENON,MALE,1945-01-21,INDIAN,INDIAN,BUSINESS OWNER,6594150551,sanjay.menon@gmail.com,954,PUNGGOL WAY,20-43,613731
XIN WEI,WONG,MALE,1995-07-21,SINGAPOREAN,CHINESE,SECURITY GUARD,6592302852,xinwei_wong@yahoo.com.sg,99,COMMONWEALTH AVE,25-67,810929
MARIA,REYES,FEMALE,1971-03-12,FILIPINO,FILIPINO,ELECTRICIAN,6595184132,maria.reyes@yahoo.com.sg,715,JALAN BESAR,34-18,550955
ANITA,PILLAI,FEMALE,1954-08-15,SINGAPOREAN,INDIAN,UNEMPLOYED,6594593537,anita_pillai@hotmail.com,165,UPPER BUKIT TIMAH RD,13-14,237935
XIN HAO,CHAN,MALE,1956-04-04,SINGAPOREAN,CHINESE,RETAIL ASSISTANT,6596500504,xh.chan@gmail.com,513,WOODLANDS DR,09-21,302647
MICHAEL,FERNANDEZ,MALE,1952-08-06,SINGAPOREAN,EURASIAN,BANK TELLER,6596792537,m.fernandez@outlook.com,804,BEDOK NORTH RD,39-95,964371
SANJAY,PILLAI,MALE,1946-05-06,INDIAN,INDIAN,RETAIL MANAGER,6598702386,sanjay_pillai@gmail.com,560,GEYLANG RD,03-72,506216
LI WEI,NG,MALE,1979-02-16,MALAYSIAN,CHINESE,TEACHER,6598399643,lw.ng@hotmail.com,125,HOUGANG AVE,38-90,672949
RAHUL,RAO,MALE,1970-03-05,INDIAN,INDIAN,MARKETING EXECUTIVE,6591529935,rahul_rao@outlook.com,126,JALAN BESAR,29-82,480573
HAO HAO,NG,MALE,2007-01-27,SINGAPOREAN,CHINESE,UNEMPLOYED,6597039412,haohao.ng@yahoo.com.sg,325,TAMPINES ST,29-37,756883
SANJAY,KUMAR,MALE,2006-09-01,INDIAN,INDIAN,SOFTWARE ENGINEER,6597612468,sanjay_kumar@hotmail.com,429,TOA PAYOH LOR,06-77,729252
WEI LI,WONG,MALE,1987-01-26,SINGAPOREAN,CHINESE,SECURITY GUARD,6591826831,weili_wong@yahoo.com.sg,436,HOUGANG AVE,11-87,398194
WEI XIN,LIM,MALE,1989-03-04,SINGAPOREAN,CHINESE,FREELANCE WRITER,6594603979,weixin_lim@gmail.com,347,PUNGGOL WAY,27-68,320038
SOPHIA,GOMES,FEMALE,1975-05-13,SINGAPOREAN,EURASIAN,SOFTWARE DEVELOPER,6598814602,sophia_gomes@outlook.com,598,EUNOS CRESCENT,23-17,744129
JIA YAN,LEE,FEMALE,1958-07-31,SINGAPOREAN,CHINESE,SOFTWARE ENGINEER,6590763232,jiayan.lee@hotmail.com,351,ORCHARD RD,36-82,322652
TING TING,TAN,FEMALE,1951-06-19,SINGAPOREAN,CHINESE,STUDENT,6595669639,tingting.tan@outlook.com,954,BALESTIER RD,31-61,935981
MICHAEL,WILSON,MALE,1965-04-17,MALAYSIAN,OTHER,FREELANCER,6599687124,michael.wilson@hotmail.com,711,YISHUN RING RD,23-09,256557
TING YAN,GOH,FEMALE,1953-07-31,SINGAPOREAN,CHINESE,CLEANER,6591456225,ty.goh@yahoo.com.sg,518,BOON LAY WAY,16-48,573858
LI WEI,CHAN,MALE,1949-04-08,SINGAPOREAN,CHINESE,DATA ANALYST,6595706197,liwei.chan@yahoo.com.sg,955,WOODLANDS DR,34-40,913205
EMMA,FERNANDEZ,FEMALE,1966-02-22,SINGAPOREAN,EURASIAN,CONSTRUCTION WORKER,6598733844,emma_fernandez@yahoo.com.sg,794,BALESTIER RD,20-03,705615
HAO HAO,WONG,MALE,2004-10-13,SINGAPOREAN,CHINESE,DATA ANALYST,6598624506,haohao.wong@hotmail.com,114,JURONG WEST ST,35-45,676051
ARJUN,PILLAI,MALE,1946-02-24,INDIAN,INDIAN,CUSTOMER SUPPORT SPECIALIST,6596435734,arjun_pillai@outlook.com,65,BUKIT BATOK ST,28-51,287677
SANJAY,MENON,MALE,2007-08-28,MALAYSIAN,INDIAN,ADMINISTRATIVE OFFICER,6591631802,sanjay.menon@hotmail.com,476,TAMPINES ST,30-61,342948
XIN XIN,NG,MALE,1996-11-05,SINGAPOREAN,CHINESE,RETIRED,6599641501,xinxin.ng@hotmail.com,140,PUNGGOL WAY,07-52,957266
HAO XIN,CHUA,MALE,1991-12-22,SINGAPOREAN,CHINESE,DELIVERY DRIVER,6599914834,haoxin_chua@yahoo.com.sg,451,CHINATOWN POINT,28-73,925571
XIN HAO,WONG,MALE,1947-11-03,SINGAPOREAN,CHINESE,BANK TELLER,6591824432,xh.wong@gmail.com,711,TIONG BAHRU RD,39-99,959691
TING YAN,CHAN,FEMALE,2006-06-12,SINGAPOREAN,CHINESE,ELECTRICIAN,6595028724,ty.chan@gmail.com,593,CHINATOWN POINT,20-56,852658
PRIYA,SINGH,FEMALE,1956-02-26,INDIAN,INDIAN,ACCOUNTANT,6594734685,priya_singh@hotmail.com,896,ANG MO KIO AVE,16-56,836333
MOHAMMAD,BIN ISMAIL,MALE,1949-05-28,SINGAPOREAN,MALAY,TEACHER,6592106365,m.binismail@outlook.com,147,ANG MO KIO AVE,05-83,116470
SOPHIA,GOMES,FEMALE,1979-07-16,SINGAPOREAN,EURASIAN,SOFTWARE DEVELOPER,6595961066,sophia_gomes@yahoo.com.sg,241,HOUGANG AVE,28-78,107790
MIN WEI,CHAN,MALE,1947-03-14,SINGAPOREAN,CHINESE,MARKETING EXECUTIVE,6598831661,minwei_chan@gmail.com,889,UPPER BUKIT TIMAH RD,18-60,642060
EMMA,GOMES,FEMALE,1980-10-20,SINGAPOREAN,EURASIAN,STUDENT,6595561881,emma_gomes@hotmail.com,441,ORCHARD RD,19-38,275645
HASSAN,BIN ABDULLAH,MALE,1987-03-06,SINGAPOREAN,MALAY,SECURITY GUARD,6598482495,h.binabdullah@hotmail.com,88,KALLANG BAHRU,18-33,238976
TING YAN,LEE,FEMALE,1981-01-17,SINGAPOREAN,CHINESE,RETAIL MANAGER,6595752034,ty.lee@outlook.com,96,CLEMENTI AVE,39-20,978302
ARJUN,SINGH,MALE,1997-09-01,INDIAN,INDIAN,FREELANCE WRITER,6595056101,a.singh@outlook.com,497,COMMONWEALTH AVE,35-30,498249
CLARA,SANTOS,FEMALE,2002-11-23,FILIPINO,FILIPINO,DOCTOR,6595936250,c.santos@hotmail.com,989,KALLANG BAHRU,28-79,783740
MEENA,KUMAR,FEMALE,1970-06-10,MALAYSIAN,INDIAN,OFFICE CLERK,6599187414,meena_kumar@gmail.com,20,BALESTIER RD,01-09,112542
HASSAN,BINTE RAHMAN,MALE,1948-12-28,SINGAPOREAN,MALAY,MARKETING COORDINATOR,6592012881,hassan_binterahman@yahoo.com.sg,98,KALLANG BAHRU,39-17,494220
ANNA,GARCIA,FEMALE,1975-05-12,FILIPINO,FILIPINO,BANK TELLER,6592717339,anna.garcia@hotmail.com,809,BUKIT BATOK ST,18-08,501393
HAO LI,CHUA,MALE,2005-02-24,SINGAPOREAN,CHINESE,STUDENT,6597408511,haoli_chua@hotmail.com,742,SENGKANG EAST WAY,07-05,176461
TING YAN,TAN,FEMALE,1980-09-01,SINGAPOREAN,CHINESE,SOFTWARE ENGINEER,6597315833,tingyan_tan@outlook.com,423,KALLANG BAHRU,05-70,336817
YAN JIA,GOH,FEMALE,1975-02-11,SINGAPOREAN,CHINESE,UNEMPLOYED,6597711468,yanjia.goh@outlook.com,788,UPPER BUKIT TIMAH RD,19-83,312987
SITI,BIN ABDULLAH,FEMALE,2003-05-03,SINGAPOREAN,MALAY,RETAIL MANAGER,6598207960,s.binabdullah@gmail.com,408,BUKIT BATOK ST,35-83,422679
ANITA,RAO,FEMALE,1962-03-18,SINGAPOREAN,INDIAN,TEACHER,6599719808,anita_rao@gmail.com,248,ADMIRALTY DR,05-05,871185
WEI XIN,NG,MALE,1947-02-24,SINGAPOREAN,CHINESE,UNEMPLOYED,6591915617,wx.ng@outlook.com,519,EUNOS CRESCENT,15-09,943530
MEENA,KUMAR,FEMALE,1988-05-20,MALAYSIAN,INDIAN,CALL CENTER AGENT,6592369560,m.kumar@yahoo.com.sg,785,SERANGOON RD,11-90,487896
AHMAD,BIN ABDULLAH,MALE,1987-12-28,MALAYSIAN,MALAY,FACTORY WORKER,6599961145,a.binabdullah@yahoo.com.sg,918,TAMPINES ST,27-89,946632
YAN JIA,CHAN,FEMALE,1967-11-18,SINGAPOREAN,CHINESE,UNEMPLOYED,6595053293,yanjia_chan@gmail.com,366,SERANGOON RD,01-72,347085
HAO WEI,NG,MALE,1980-09-11,MALAYSIAN,CHINESE,SOCIAL MEDIA MANAGER,6592958222,haowei.ng@outlook.com,173,BALESTIER RD,03-07,776185
JAMES,DAVIS,MALE,1967-05-01,MALAYSIAN,OTHER,RETIRED,6597462856,j.davis@yahoo.com.sg,616,MARINE PARADE RD,21-54,308405
JIA TING,CHAN,FEMALE,1998-03-16,SINGAPOREAN,CHINESE,BANK TELLER,6593626649,jt.chan@yahoo.com.sg,960,EUNOS CRESCENT,30-23,506145
XIN XIN,CHUA,MALE,1995-04-23,SINGAPOREAN,CHINESE,DOCTOR,6594951988,xinxin.chua@outlook.com,628,HOUGANG AVE,11-74,679606
PRIYA,KUMAR,FEMALE,2003-04-24,SINGAPOREAN,INDIAN,ELECTRICIAN,6599928280,priya.kumar@outlook.com,978,CLEMENTI AVE,37-01,538065
XIN HAO,LIM,MALE,1965-12-21,MALAYSIAN,CHINESE,GRAPHIC DESIGNER,6596821919,xinhao.lim@gmail.com,982,JURONG WEST ST,09-46,410158
JAMES,GOMES,MALE,1996-11-16,SINGAPOREAN,EURASIAN,BANK TELLER,6597789590,james_gomes@hotmail.com,730,QUEENSTOWN RD,01-81,174132
CLARA,SANTOS,FEMALE,1975-01-29,FILIPINO,FILIPINO,BANK TELLER,6598635845,c.santos@gmail.com,978,ADMIRALTY DR,24-07,216356
SITI,BIN ABDULLAH,FEMALE,1983-12-26,MALAYSIAN,MALAY,MAINTENANCE TECHNICIAN,6593519758,siti_binabdullah@outlook.com,781,COMMONWEALTH AVE,15-42,469844
HASSAN,BIN ISMAIL,MALE,1976-12-10,SINGAPOREAN,MALAY,BANK TELLER,6591101048,hassan.binismail@hotmail.com,202,BOON LAY WAY,30-12,184064
WEI MIN,CHUA,MALE,1962-03-09,SINGAPOREAN,CHINESE,SOFTWARE ENGINEER,6597950805,weimin.chua@gmail.com,365,SERANGOON RD,29-95,776000
HASSAN,BINTE ZAINAL,MALE,1983-03-09,SINGAPOREAN,MALAY,BANK TELLER,6595142132,h.bintezainal@gmail.com,185,CHINATOWN POINT,17-30,607765
JOSE,REYES,MALE,1988-01-22,FILIPINO,FILIPINO,UNEMPLOYED,6595312100,jose_reyes@gmail.com,598,CLEMENTI AVE,29-34,487629
MOHAMMAD,RAHMAN,MALE,1949-08-23,BANGLADESHI,BANGLADESHI,MARKETING COORDINATOR,6595372365,m.rahman@outlook.com,169,ANG MO KIO AVE,35-65,447372
PRIYA,RAO,FEMALE,1974-01-13,SINGAPOREAN,INDIAN,MARKETING EXECUTIVE,6596738231,priya.rao@yahoo.com.sg,642,TIONG BAHRU RD,15-58,474754
PRIYA,MENON,FEMALE,1980-06-11,SINGAPOREAN,INDIAN,RETIRED,6598582482,p.menon@hotmail.com,976,BEDOK NORTH RD,24-51,255132
JIA YAN,CHAN,FEMALE,1958-08-15,SINGAPOREAN,CHINESE,TEACHER,6594842475,jiayan_chan@gmail.com,177,CHINATOWN POINT,28-94,534313
EMMA,PEREIRA,FEMALE,1973-08-01,SINGAPOREAN,EURASIAN,UNEMPLOYED,6592934217,e.pereira@hotmail.com,579,TOA PAYOH LOR,37-97,243578
ARJUN,KUMAR,MALE,2005-11-22,SINGAPOREAN,INDIAN,RETAIL MANAGER,6597927925,arjun_kumar@yahoo.com.sg,137,QUEENSTOWN RD,19-54,288085
TING YAN,CHAN,FEMALE,1948-07-10,MALAYSIAN,CHINESE,ACCOUNTANT,6598598757,tingyan.chan@hotmail.com,760,MARINE PARADE RD,02-34,270757
NUR,BIN ISMAIL,FEMALE,2005-02-09,SINGAPOREAN,MALAY,ACCOUNTANT,6598621249,nur.binismail@hotmail.com,208,UPPER BUKIT TIMAH RD,12-98,199099
RAHUL,NAIR,MALE,1958-06-24,SINGAPOREAN,INDIAN,CLEANER,6592735175,rahul_nair@gmail.com,114,JURONG WEST ST,10-65,331854
XIN LI,GOH,MALE,1994-01-15,SINGAPOREAN,CHINESE,FREELANCER,6591989725,xinli.goh@yahoo.com.sg,237,CLEMENTI AVE,10-89,337580
WEI LI,TAN,MALE,1973-01-23,SINGAPOREAN,CHINESE,FACTORY WORKER,6591111446,weili_tan@yahoo.com.sg,318,BALESTIER RD,01-97,201191
RAHUL,NAIR,MALE,2001-11-10,SINGAPOREAN,INDIAN,SOFTWARE DEVELOPER,6594057108,rahul.nair@yahoo.com.sg,527,MARINE PARADE RD,05-13,959398
XIN MIN,NG,MALE,1968-04-02,SINGAPOREAN,CHINESE,OFFICE CLERK,6595952931,xm.ng@gmail.com,398,SERANGOON RD,14-66,338607
JIA TING,CHAN,FEMALE,1994-08-22,SINGAPOREAN,CHINESE,OFFICE CLERK,6595234607,jt.chan@yahoo.com.sg,713,TIONG BAHRU RD,29-29,680822
WEI WEI,NG,MALE,1983-02-22,SINGAPOREAN,CHINESE,ACCOUNTANT,6592830705,ww.ng@gmail.com,76,ORCHARD RD,13-44,309991
ANITA,NAIR,FEMALE,1984-07-26,SINGAPOREAN,INDIAN,SALES MANAGER,6598129112,a.nair@outlook.com,533,SENGKANG EAST WAY,10-99,576719
JIA TING,GOH,FEMALE,2004-11-15,SINGAPOREAN,CHINESE,FACTORY WORKER,6591616210,jiating.goh@hotmail.com,788,BUKIT BATOK ST,34-99,616096
WEI XIN,LIM,MALE,1975-07-12,MALAYSIAN,CHINESE,LOGISTICS COORDINATOR,6597424860,wx.lim@yahoo.com.sg,480,BEDOK NORTH RD,03-23,683707
LI LI,CHAN,MALE,1970-09-17,MALAYSIAN,CHINESE,SECURITY GUARD,6590935113,ll.chan@hotmail.com,410,SENGKANG EAST WAY,32-76,496149
NUR,BIN ISMAIL,FEMALE,1978-06-26,MALAYSIAN,MALAY,GRAPHIC DESIGNER,6595995607,nur_binismail@hotmail.com,431,ORCHARD RD,04-85,356092
HASSAN,BINTE ZAINAL,MALE,1978-05-17,SINGAPOREAN,MALAY,BANK TELLER,6590342293,h.bintezainal@hotmail.com,722,WOODLANDS DR,38-03,431889
PRIYA,MENON,FEMALE,1998-04-14,SINGAPOREAN,INDIAN,FREELANCER,6598337466,priya.menon@hotmail.com,660,KALLANG BAHRU,05-69,324479
ARJUN,MENON,MALE,1960-08-06,INDIAN,INDIAN,FREELANCER,6593518839,a.menon@outlook.com,365,CHINATOWN POINT,05-84,963752
JIA JIA,NG,FEMALE,1971-12-05,SINGAPOREAN,CHINESE,CONSTRUCTION WORKER,6597839914,jj.ng@gmail.com,284,ADMIRALTY DR,35-79,994199
MOHAMMAD,BINTE ZAINAL,MALE,1987-11-21,SINGAPOREAN,MALAY,TEACHER,6593415137,mohammad_bintezainal@yahoo.com.sg,876,SERANGOON RD,18-37,777424
SANJAY,PILLAI,MALE,1966-04-14,SINGAPOREAN,INDIAN,FACTORY WORKER,6592673591,sanjay_pillai@yahoo.com.sg,289,CLEMENTI AVE,02-34,928028
ANITA,NAIR,FEMALE,1967-07-23,SINGAPOREAN,INDIAN,SHOP ASSISTANT,6592358208,anita_nair@hotmail.com,251,CHOA CHU KANG LOOP,37-95,624548
FATIMAH,BINTE RAHMAN,FEMALE,1951-03-15,MALAYSIAN,MALAY,CUSTOMER SERVICE OFFICER,6591792041,fatimah_binterahman@gmail.com,189,JURONG WEST ST,18-57,528212
SITI,BIN ISMAIL,FEMALE,1976-06-06,SINGAPOREAN,MALAY,RETIRED,6590353566,siti.binismail@yahoo.com.sg,670,BOON LAY WAY,39-05,982348
MOHAMMAD,BINTE ZAINAL,MALE,1997-05-11,SINGAPOREAN,MALAY,DOCTOR,6595048065,mohammad.bintezainal@outlook.com,102,ADMIRALTY DR,16-39,320606
JUAN,GARCIA,MALE,1948-03-23,FILIPINO,FILIPINO,RETIRED,6594378351,juan_garcia@hotmail.com,528,BUKIT BATOK ST,23-54,731364
MIN MIN,LIM,MALE,1992-09-21,SINGAPOREAN,CHINESE,NURSE,6592182597,minmin_lim@yahoo.com.sg,877,EUNOS CRESCENT,27-41,573421
XIN LI,LEE,MALE,1985-10-13,SINGAPOREAN,CHINESE,CUSTOMER SUPPORT SPECIALIST,6593837070,xinli.lee@gmail.com,938,BUKIT BATOK ST,30-26,374499
JIA JIA,CHUA,FEMALE,1959-12-11,SINGAPOREAN,CHINESE,FACTORY WORKER,6598290445,jj.chua@outlook.com,131,PASIR RIS DR,14-25,952924
CHARLOTTE,JOHNSON,FEMALE,1969-01-15,BRITISH,CAUCASIAN,ACCOUNTANT,6594868629,charlotte_johnson@outlook.com,278,PASIR RIS DR,29-32,487593
XIN LI,WONG,MALE,2002-01-31,SINGAPOREAN,CHINESE,ELECTRICIAN,6590874304,xinli_wong@gmail.com,350,ADMIRALTY DR,16-61,471512
RAHIM,HOSSAIN,MALE,1973-03-28,BANGLADESHI,BANGLADESHI,MARKETING EXECUTIVE,6598451467,rahim_hossain@outlook.com,514,ADMIRALTY DR,22-60,238327
MICHAEL,GOMES,MALE,1993-11-10,SINGAPOREAN,EURASIAN,RETIRED,6594425123,m.gomes@yahoo.com.sg,539,YISHUN RING RD,28-22,430870
XIN XIN,LIM,MALE,1960-01-21,SINGAPOREAN,CHINESE,RETAIL MANAGER,6597407471,xinxin_lim@yahoo.com.sg,375,JALAN BESAR,36-63,579995
MEENA,RAO,FEMALE,1983-01-03,MALAYSIAN,INDIAN,GRAPHIC DESIGNER,6598825074,m.rao@gmail.com,795,MARINE PARADE RD,12-54,180567
EMMA,PEREIRA,FEMALE,2007-12-04,SINGAPOREAN,EURASIAN,SOFTWARE ENGINEER,6598050632,emma.pereira@outlook.com,474,QUEENSTOWN RD,18-77,789969
WEI LI,CHUA,MALE,1993-04-02,SINGAPOREAN,CHINESE,LAWYER,6594027876,weili.chua@outlook.com,998,UPPER BUKIT TIMAH RD,26-12,121508
MEENA,MENON,FEMALE,2006-02-19,MALAYSIAN,INDIAN,NURSE,6596164902,meena_menon@outlook.com,534,JURONG WEST ST,32-58,506941
XIN HAO,NG,MALE,1961-11-19,SINGAPOREAN,CHINESE,MAINTENANCE TECHNICIAN,6598802632,xh.ng@hotmail.com,95,TAMPINES ST,30-56,183029
WEI LI,LIM,MALE,1978-02-18,SINGAPOREAN,CHINESE,CUSTOMER SERVICE OFFICER,6597795642,weili.lim@gmail.com,686,COMMONWEALTH AVE,37-33,472724
SANJAY,RAO,MALE,1973-06-24,SINGAPOREAN,INDIAN,CUSTOMER SERVICE OFFICER,6593140556,sanjay_rao@gmail.com,226,HOUGANG AVE,06-96,733395
MOHAMMAD,BINTE ZAINAL,MALE,2004-07-03,SINGAPOREAN,MALAY,SOFTWARE ENGINEER,6596626953,mohammad.bintezainal@gmail.com,833,TAMPINES ST,06-17,241677
MEENA,KUMAR,FEMALE,1999-03-17,SINGAPOREAN,INDIAN,RETIRED,6597952217,m.kumar@outlook.com,442,ANG MO KIO AVE,08-22,259826
RAHUL,SINGH,MALE,2007-08-10,SINGAPOREAN,INDIAN,CALL CENTER AGENT,6596974052,r.singh@gmail.com,878,WOODLANDS DR,38-77,866591
FATIMAH,BINTE RAHMAN,FEMALE,1961-01-10,SINGAPOREAN,MALAY,DRIVER,6597080061,f.binterahman@outlook.com,600,YISHUN RING RD,36-09,380859
TING TING,CHAN,FEMALE,1992-10-27,SINGAPOREAN,CHINESE,RETIRED,6595690043,tt.chan@outlook.com,953,EUNOS CRESCENT,30-17,407645
HAO HAO,NG,MALE,1968-07-31,SINGAPOREAN,CHINESE,ELECTRICIAN,6598283332,hh.ng@hotmail.com,320,PASIR RIS DR,14-72,149334
JIA YAN,LEE,FEMALE,1975-07-01,SINGAPOREAN,CHINESE,DOCTOR,6590783099,jiayan_lee@gmail.com,798,BOON LAY WAY,36-35,258522
MEENA,SINGH,FEMALE,1970-11-19,SINGAPOREAN,INDIAN,FREELANCER,6591980707,m.singh@outlook.com,901,JURONG WEST ST,24-21,863729
ARJUN,KUMAR,MALE,1960-06-23,INDIAN,INDIAN,RETIRED,6594811005,a.kumar@hotmail.com,527,HOUGANG AVE,06-35,490527
XIN LI,GOH,MALE,1959-03-16,MALAYSIAN,CHINESE,DELIVERY DRIVER,6590166911,xl.goh@yahoo.com.sg,744,CHINATOWN POINT,34-09,188896
AISYAH,BINTE ZAINAL,FEMALE,1982-06-05,SINGAPOREAN,MALAY,SECURITY GUARD,6595262932,aisyah.bintezainal@outlook.com,941,ORCHARD RD,01-36,653429
YAN TING,LEE,FEMALE,1947-01-19,SINGAPOREAN,CHINESE,FREELANCER,6599016637,yanting.lee@hotmail.com,352,GEYLANG RD,09-67,667059
TING YAN,CHUA,FEMALE,1948-01-31,SINGAPOREAN,CHINESE,STUDENT,6596257547,tingyan_chua@gmail.com,275,QUEENSTOWN RD,33-46,229827
FATIMA,KHAN,FEMALE,2006-10-21,BANGLADESHI,BANGLADESHI,SALES MANAGER,6592348331,fatima_khan@yahoo.com.sg,741,GEYLANG RD,34-95,359662
TING JIA,CHAN,FEMALE,2006-09-27,SINGAPOREAN,CHINESE,ACCOUNTANT,6596757085,tingjia_chan@outlook.com,612,BISHAN ST,34-51,376502
ARJUN,RAO,MALE,2000-01-17,SINGAPOREAN,INDIAN,LAWYER,6592631333,arjun.rao@gmail.com,976,BISHAN ST,24-16,730823
MIN XIN,TAN,MALE,1949-10-29,SINGAPOREAN,CHINESE,UNEMPLOYED,6597075907,minxin_tan@outlook.com,59,ADMIRALTY DR,20-37,326053
AISYAH,BINTE ZAINAL,FEMALE,1984-03-08,SINGAPOREAN,MALAY,LOGISTICS COORDINATOR,6592324018,aisyah.bintezainal@hotmail.com,526,QUEENSTOWN RD,30-98,571785
SANJAY,RAO,MALE,1987-03-26,INDIAN,INDIAN,SALES MANAGER,6590416143,sanjay_rao@gmail.com,595,QUEENSTOWN RD,20-72,776498
ARJUN,SINGH,MALE,1982-04-03,SINGAPOREAN,INDIAN,CUSTOMER SUPPORT SPECIALIST,6590318323,arjun_singh@outlook.com,291,CHINATOWN POINT,14-32,969993
SANJAY,KUMAR,MALE,1981-06-12,SINGAPOREAN,INDIAN,TEACHER,6596409080,sanjay.kumar@yahoo.com.sg,273,BUKIT BATOK ST,08-13,668096
AHMAD,BIN ABDULLAH,MALE,1988-06-12,SINGAPOREAN,MALAY,ADMINISTRATIVE OFFICER,6592390091,ahmad.binabdullah@gmail.com,432,BOON LAY WAY,21-34,493754
AISYAH,BIN ABDULLAH,FEMALE,2002-07-28,SINGAPOREAN,MALAY,MAINTENANCE TECHNICIAN,6591098206,aisyah.binabdullah@hotmail.com,505,ANG MO KIO AVE,27-82,345094
AHMAD,BINTE RAHMAN,MALE,1949-07-11,MALAYSIAN,MALAY,WAREHOUSE WORKER,6599067074,ahmad_binterahman@outlook.com,182,CHINATOWN POINT,16-69,544336
AYESHA,KHAN,FEMALE,1977-06-29,BANGLADESHI,BANGLADESHI,TEACHER,6593569422,ayesha_khan@gmail.com,609,TIONG BAHRU RD,33-37,147694
LI LI,GOH,MALE,1955-11-22,SINGAPOREAN,CHINESE,LOGISTICS COORDINATOR,6594384902,ll.goh@hotmail.com,780,JALAN BESAR,29-35,357874
EMMA,PEREIRA,FEMALE,1978-10-12,SINGAPOREAN,EURASIAN,DRIVER,6598203667,emma_pereira@gmail.com,790,GEYLANG RD,35-11,925549
WEI WEI,CHAN,MALE,1971-08-16,MALAYSIAN,CHINESE,FREELANCE WRITER,6590157090,weiwei_chan@hotmail.com,236,COMMONWEALTH AVE,02-98,394790
MICHAEL,BROWN,MALE,2005-07-22,BANGLADESHI,OTHER,TEACHER,6591861373,michael.brown@yahoo.com.sg,900,SENGKANG EAST WAY,37-65,618008
CLARA,CRUZ,FEMALE,2006-01-12,FILIPINO,FILIPINO,ADMINISTRATIVE OFFICER,6598941274,clara_cruz@gmail.com,639,SENGKANG EAST WAY,36-59,102049
AHMAD,BINTE RAHMAN,MALE,1998-09-30,SINGAPOREAN,MALAY,MARKETING EXECUTIVE,6597530646,ahmad_binterahman@gmail.com,333,ANG MO KIO AVE,26-25,450964
JIA TING,CHUA,FEMALE,1963-11-17,SINGAPOREAN,CHINESE,GRAPHIC DESIGNER,6595608665,jt.chua@gmail.com,870,SENGKANG EAST WAY,16-14,596580
WEI WEI,TAN,MALE,1957-06-10,SINGAPOREAN,CHINESE,FREELANCER,6591090992,weiwei_tan@outlook.com,811,CLEMENTI AVE,04-57,157450
ANITA,KUMAR,FEMALE,1964-01-06,INDIAN,INDIAN,MARKETING EXECUTIVE,6597606978,anita_kumar@gmail.com,403,TOA PAYOH LOR,28-80,749310
AHMAD,BINTE RAHMAN,MALE,1973-07-01,SINGAPOREAN,MALAY,TEACHER,6597063325,ahmad.binterahman@gmail.com,502,COMMONWEALTH AVE,29-24,354963
SITI,BINTE RAHMAN,FEMALE,1984-06-24,MALAYSIAN,MALAY,LOGISTICS COORDINATOR,6594883242,siti.binterahman@yahoo.com.sg,387,ANG MO KIO AVE,34-76,789624
MOHAMMAD,KHAN,MALE,2000-12-21,BANGLADESHI,BANGLADESHI,WAREHOUSE WORKER,6597841710,mohammad_khan@hotmail.com,624,JALAN BESAR,22-75,693595
CLARA,REYES,FEMALE,1979-11-16,FILIPINO,FILIPINO,RETAIL ASSISTANT,6593575870,clara.reyes@gmail.com,254,WOODLANDS DR,22-95,494172
